<?xml version="1.0" encoding="UTF-8"?>
<CompartmentDefinition xmlns="http://hl7.org/fhir">
  <id value="device"/>
  <url value="http://hl7.org/fhir/CompartmentDefinition/device"/>
  <name value="Base FHIR compartment definition for Device"/>
  <status value="draft"/>
  <experimental value="true"/>
  <date value="2017-04-19T07:44:43+10:00"/>
  <publisher value="FHIR Project Team"/>
  <contact>
    <telecom>
      <system value="url"/>
      <value value="http://hl7.org/fhir"/>
    </telecom>
  </contact>
  <description value="There is an instance of the practitioner compartment for each Device resource, and the identity of the compartment is the same as the Device. The set of resources associated with a particular device"/>
  <code value="Device"/>
  <search value="true"/>
  <resource>
    <code value="Account"/>
    <param value="subject"/>
  </resource>
  <resource>
    <code value="ActivityDefinition"/>
  </resource>
  <resource>
    <code value="AdverseEvent"/>
  </resource>
  <resource>
    <code value="AllergyIntolerance"/>
  </resource>
  <resource>
    <code value="Appointment"/>
    <param value="actor"/>
  </resource>
  <resource>
    <code value="AppointmentResponse"/>
    <param value="actor"/>
  </resource>
  <resource>
    <code value="AuditEvent"/>
    <param value="agent"/>
  </resource>
  <resource>
    <code value="Basic"/>
  </resource>
  <resource>
    <code value="Binary"/>
  </resource>
  <resource>
    <code value="BodySite"/>
  </resource>
  <resource>
    <code value="Bundle"/>
  </resource>
  <resource>
    <code value="CapabilityStatement"/>
  </resource>
  <resource>
    <code value="CarePlan"/>
  </resource>
  <resource>
    <code value="CareTeam"/>
  </resource>
  <resource>
    <code value="ChargeItem"/>
    <param value="enterer"/>
    <param value="participant-actor"/>
  </resource>
  <resource>
    <code value="Claim"/>
  </resource>
  <resource>
    <code value="ClaimResponse"/>
  </resource>
  <resource>
    <code value="ClinicalImpression"/>
  </resource>
  <resource>
    <code value="CodeSystem"/>
  </resource>
  <resource>
    <code value="Communication"/>
    <param value="sender"/>
    <param value="recipient"/>
  </resource>
  <resource>
    <code value="CommunicationRequest"/>
    <param value="sender"/>
    <param value="recipient"/>
  </resource>
  <resource>
    <code value="CompartmentDefinition"/>
  </resource>
  <resource>
    <code value="Composition"/>
    <param value="author"/>
  </resource>
  <resource>
    <code value="ConceptMap"/>
  </resource>
  <resource>
    <code value="Condition"/>
  </resource>
  <resource>
    <code value="Consent"/>
  </resource>
  <resource>
    <code value="Contract"/>
  </resource>
  <resource>
    <code value="Coverage"/>
  </resource>
  <resource>
    <code value="DataElement"/>
  </resource>
  <resource>
    <code value="DetectedIssue"/>
    <param value="author"/>
  </resource>
  <resource>
    <code value="Device"/>
    <!--param value="{def}"/-->
  </resource>
  <resource>
    <code value="DeviceComponent"/>
    <param value="source"/>
  </resource>
  <resource>
    <code value="DeviceMetric"/>
    <param value="source"/>
  </resource>
  <resource>
    <code value="DeviceRequest"/>
    <param value="device"/>
    <param value="subject"/>
    <param value="requester"/>
    <param value="performer"/>
  </resource>
  <resource>
    <code value="DeviceUseStatement"/>
    <param value="device"/>
  </resource>
  <resource>
    <code value="DiagnosticReport"/>
    <param value="subject"/>
  </resource>
  <resource>
    <code value="DocumentManifest"/>
    <param value="subject"/>
    <param value="author"/>
  </resource>
  <resource>
    <code value="DocumentReference"/>
    <param value="subject"/>
    <param value="author"/>
  </resource>
  <resource>
    <code value="EligibilityRequest"/>
  </resource>
  <resource>
    <code value="EligibilityResponse"/>
  </resource>
  <resource>
    <code value="Encounter"/>
  </resource>
  <resource>
    <code value="Endpoint"/>
  </resource>
  <resource>
    <code value="EnrollmentRequest"/>
  </resource>
  <resource>
    <code value="EnrollmentResponse"/>
  </resource>
  <resource>
    <code value="EpisodeOfCare"/>
  </resource>
  <resource>
    <code value="ExpansionProfile"/>
  </resource>
  <resource>
    <code value="ExplanationOfBenefit"/>
  </resource>
  <resource>
    <code value="FamilyMemberHistory"/>
  </resource>
  <resource>
    <code value="Flag"/>
    <param value="author"/>
  </resource>
  <resource>
    <code value="Goal"/>
  </resource>
  <resource>
    <code value="GraphDefinition"/>
  </resource>
  <resource>
    <code value="Group"/>
    <param value="member"/>
  </resource>
  <resource>
    <code value="GuidanceResponse"/>
  </resource>
  <resource>
    <code value="HealthcareService"/>
  </resource>
  <resource>
    <code value="ImagingManifest"/>
    <param value="author"/>
  </resource>
  <resource>
    <code value="ImagingStudy"/>
  </resource>
  <resource>
    <code value="Immunization"/>
  </resource>
  <resource>
    <code value="ImmunizationRecommendation"/>
  </resource>
  <resource>
    <code value="ImplementationGuide"/>
  </resource>
  <resource>
    <code value="Library"/>
  </resource>
  <resource>
    <code value="Linkage"/>
  </resource>
  <resource>
    <code value="List"/>
    <param value="subject"/>
    <param value="source"/>
  </resource>
  <resource>
    <code value="Location"/>
  </resource>
  <resource>
    <code value="Measure"/>
  </resource>
  <resource>
    <code value="MeasureReport"/>
  </resource>
  <resource>
    <code value="Media"/>
    <param value="subject"/>
  </resource>
  <resource>
    <code value="Medication"/>
  </resource>
  <resource>
    <code value="MedicationAdministration"/>
    <param value="device"/>
  </resource>
  <resource>
    <code value="MedicationDispense"/>
  </resource>
  <resource>
    <code value="MedicationRequest"/>
  </resource>
  <resource>
    <code value="MedicationStatement"/>
  </resource>
  <resource>
    <code value="MessageDefinition"/>
  </resource>
  <resource>
    <code value="MessageHeader"/>
    <param value="target"/>
  </resource>
  <resource>
    <code value="NamingSystem"/>
  </resource>
  <resource>
    <code value="NutritionOrder"/>
  </resource>
  <resource>
    <code value="Observation"/>
    <param value="subject"/>
    <param value="device"/>
  </resource>
  <resource>
    <code value="OperationDefinition"/>
  </resource>
  <resource>
    <code value="OperationOutcome"/>
  </resource>
  <resource>
    <code value="Organization"/>
  </resource>
  <resource>
    <code value="Patient"/>
  </resource>
  <resource>
    <code value="PaymentNotice"/>
  </resource>
  <resource>
    <code value="PaymentReconciliation"/>
  </resource>
  <resource>
    <code value="Person"/>
  </resource>
  <resource>
    <code value="PlanDefinition"/>
  </resource>
  <resource>
    <code value="Practitioner"/>
  </resource>
  <resource>
    <code value="PractitionerRole"/>
  </resource>
  <resource>
    <code value="Procedure"/>
  </resource>
  <resource>
    <code value="ProcedureRequest"/>
    <param value="performer"/>
    <param value="requester"/>
  </resource>
  <resource>
    <code value="ProcessRequest"/>
  </resource>
  <resource>
    <code value="ProcessResponse"/>
  </resource>
  <resource>
    <code value="Provenance"/>
    <param value="agent"/>
  </resource>
  <resource>
    <code value="Questionnaire"/>
  </resource>
  <resource>
    <code value="QuestionnaireResponse"/>
    <param value="author"/>
  </resource>
  <resource>
    <code value="ReferralRequest"/>
  </resource>
  <resource>
    <code value="RelatedPerson"/>
  </resource>
  <resource>
    <code value="RequestGroup"/>
    <param value="author"/>
  </resource>
  <resource>
    <code value="ResearchStudy"/>
  </resource>
  <resource>
    <code value="ResearchSubject"/>
  </resource>
  <resource>
    <code value="RiskAssessment"/>
    <param value="performer"/>
  </resource>
  <resource>
    <code value="Schedule"/>
    <param value="actor"/>
  </resource>
  <resource>
    <code value="SearchParameter"/>
  </resource>
  <resource>
    <code value="Sequence"/>
  </resource>
  <resource>
    <code value="ServiceDefinition"/>
  </resource>
  <resource>
    <code value="Slot"/>
  </resource>
  <resource>
    <code value="Specimen"/>
    <param value="subject"/>
  </resource>
  <resource>
    <code value="StructureDefinition"/>
  </resource>
  <resource>
    <code value="StructureMap"/>
  </resource>
  <resource>
    <code value="Subscription"/>
  </resource>
  <resource>
    <code value="Substance"/>
  </resource>
  <resource>
    <code value="SupplyDelivery"/>
  </resource>
  <resource>
    <code value="SupplyRequest"/>
    <param value="requester"/>
  </resource>
  <resource>
    <code value="Task"/>
  </resource>
  <resource>
    <code value="TestReport"/>
  </resource>
  <resource>
    <code value="TestScript"/>
  </resource>
  <resource>
    <code value="ValueSet"/>
  </resource>
  <resource>
    <code value="VisionPrescription"/>
  </resource>
</CompartmentDefinition>