<?xml version="1.0" encoding="UTF-8"?>
<CompartmentDefinition xmlns="http://hl7.org/fhir">
  <id value="patient"/>
  <url value="http://hl7.org/fhir/CompartmentDefinition/patient"/>
  <name value="Base FHIR compartment definition for Patient"/>
  <status value="draft"/>
  <experimental value="true"/>
  <date value="2017-04-19T07:44:43+10:00"/>
  <publisher value="FHIR Project Team"/>
  <contact>
    <telecom>
      <system value="url"/>
      <value value="http://hl7.org/fhir"/>
    </telecom>
  </contact>
  <description value="There is an instance of the patient compartment for each patient resource, and the identity of the compartment is the same as the patient. When a patient is linked to another patient, all the records associated with the linked patient are in the compartment associated with the target of the link.. The set of resources associated with a particular patient"/>
  <code value="Patient"/>
  <search value="true"/>
  <resource>
    <code value="Account"/>
    <param value="subject"/>
  </resource>
  <resource>
    <code value="ActivityDefinition"/>
  </resource>
  <resource>
    <code value="AdverseEvent"/>
    <param value="subject"/>
  </resource>
  <resource>
    <code value="AllergyIntolerance"/>
    <param value="patient"/>
    <param value="recorder"/>
    <param value="asserter"/>
  </resource>
  <resource>
    <code value="Appointment"/>
    <param value="actor"/>
  </resource>
  <resource>
    <code value="AppointmentResponse"/>
    <param value="actor"/>
  </resource>
  <resource>
    <code value="AuditEvent"/>
    <param value="patient"/>
    <param value="agent"/>
    <param value="entity"/>
    <!--param value="agent.patient"/>
    <param value="entity.patient"/-->
  </resource>
  <resource>
    <code value="Basic"/>
    <param value="patient"/>
    <param value="author"/>
  </resource>
  <resource>
    <code value="Binary"/>
  </resource>
  <resource>
    <code value="BodySite"/>
    <param value="patient"/>
  </resource>
  <resource>
    <code value="Bundle"/>
  </resource>
  <resource>
    <code value="CapabilityStatement"/>
  </resource>
  <resource>
    <code value="CarePlan"/>
    <param value="patient"/>
    <param value="performer"/>
  </resource>
  <resource>
    <code value="CareTeam"/>
    <param value="patient"/>
    <param value="participant"/>
  </resource>
  <resource>
    <code value="ChargeItem"/>
    <param value="subject"/>
  </resource>
  <resource>
    <code value="Claim"/>
    <param value="patient"/>
    <param value="payee"/>
  </resource>
  <resource>
    <code value="ClaimResponse"/>
    <param value="patient"/>
  </resource>
  <resource>
    <code value="ClinicalImpression"/>
    <param value="subject"/>
  </resource>
  <resource>
    <code value="CodeSystem"/>
  </resource>
  <resource>
    <code value="Communication"/>
    <param value="subject"/>
    <param value="sender"/>
    <param value="recipient"/>
  </resource>
  <resource>
    <code value="CommunicationRequest"/>
    <param value="subject"/>
    <param value="sender"/>
    <param value="recipient"/>
    <param value="requester"/>
  </resource>
  <resource>
    <code value="CompartmentDefinition"/>
  </resource>
  <resource>
    <code value="Composition"/>
    <param value="subject"/>
    <param value="author"/>
    <param value="attester"/>
  </resource>
  <resource>
    <code value="ConceptMap"/>
  </resource>
  <resource>
    <code value="Condition"/>
    <param value="patient"/>
    <param value="asserter"/>
  </resource>
  <resource>
    <code value="Consent"/>
    <param value="patient"/>
  </resource>
  <resource>
    <code value="Contract"/>
  </resource>
  <resource>
    <code value="Coverage"/>
    <param value="policy-holder"/>
    <param value="subscriber"/>
    <param value="beneficiary"/>
    <param value="payor"/>
  </resource>
  <resource>
    <code value="DataElement"/>
  </resource>
  <resource>
    <code value="DetectedIssue"/>
    <param value="patient"/>
  </resource>
  <resource>
    <code value="Device"/>
  </resource>
  <resource>
    <code value="DeviceComponent"/>
  </resource>
  <resource>
    <code value="DeviceMetric"/>
  </resource>
  <resource>
    <code value="DeviceRequest"/>
    <param value="subject"/>
    <param value="requester"/>
    <param value="performer"/>
  </resource>
  <resource>
    <code value="DeviceUseStatement"/>
    <param value="subject"/>
  </resource>
  <resource>
    <code value="DiagnosticReport"/>
    <param value="subject"/>
  </resource>
  <resource>
    <code value="DocumentManifest"/>
    <param value="subject"/>
    <param value="author"/>
    <param value="recipient"/>
  </resource>
  <resource>
    <code value="DocumentReference"/>
    <param value="subject"/>
    <param value="author"/>
  </resource>
  <resource>
    <code value="EligibilityRequest"/>
    <param value="patient"/>
  </resource>
  <resource>
    <code value="EligibilityResponse"/>
  </resource>
  <resource>
    <code value="Encounter"/>
    <param value="patient"/>
  </resource>
  <resource>
    <code value="Endpoint"/>
  </resource>
  <resource>
    <code value="EnrollmentRequest"/>
    <param value="subject"/>
  </resource>
  <resource>
    <code value="EnrollmentResponse"/>
  </resource>
  <resource>
    <code value="EpisodeOfCare"/>
    <param value="patient"/>
  </resource>
  <resource>
    <code value="ExpansionProfile"/>
  </resource>
  <resource>
    <code value="ExplanationOfBenefit"/>
    <param value="patient"/>
    <param value="payee"/>
  </resource>
  <resource>
    <code value="FamilyMemberHistory"/>
    <param value="patient"/>
  </resource>
  <resource>
    <code value="Flag"/>
    <param value="patient"/>
  </resource>
  <resource>
    <code value="Goal"/>
    <param value="patient"/>
  </resource>
  <resource>
    <code value="GraphDefinition"/>
  </resource>
  <resource>
    <code value="Group"/>
    <param value="member"/>
  </resource>
  <resource>
    <code value="GuidanceResponse"/>
  </resource>
  <resource>
    <code value="HealthcareService"/>
  </resource>
  <resource>
    <code value="ImagingManifest"/>
    <param value="patient"/>
    <param value="author"/>
  </resource>
  <resource>
    <code value="ImagingStudy"/>
    <param value="patient"/>
  </resource>
  <resource>
    <code value="Immunization"/>
    <param value="patient"/>
  </resource>
  <resource>
    <code value="ImmunizationRecommendation"/>
    <param value="patient"/>
  </resource>
  <resource>
    <code value="ImplementationGuide"/>
  </resource>
  <resource>
    <code value="Library"/>
  </resource>
  <resource>
    <code value="Linkage"/>
  </resource>
  <resource>
    <code value="List"/>
    <param value="subject"/>
    <param value="source"/>
  </resource>
  <resource>
    <code value="Location"/>
  </resource>
  <resource>
    <code value="Measure"/>
  </resource>
  <resource>
    <code value="MeasureReport"/>
    <param value="patient"/>
  </resource>
  <resource>
    <code value="Media"/>
    <param value="subject"/>
  </resource>
  <resource>
    <code value="Medication"/>
  </resource>
  <resource>
    <code value="MedicationAdministration"/>
    <param value="patient"/>
    <param value="performer"/>
    <param value="subject"/>
  </resource>
  <resource>
    <code value="MedicationDispense"/>
    <param value="subject"/>
    <param value="patient"/>
    <param value="receiver"/>
  </resource>
  <resource>
    <code value="MedicationRequest"/>
    <param value="subject"/>
  </resource>
  <resource>
    <code value="MedicationStatement"/>
    <param value="subject"/>
  </resource>
  <resource>
    <code value="MessageDefinition"/>
  </resource>
  <resource>
    <code value="MessageHeader"/>
  </resource>
  <resource>
    <code value="NamingSystem"/>
  </resource>
  <resource>
    <code value="NutritionOrder"/>
    <param value="patient"/>
  </resource>
  <resource>
    <code value="Observation"/>
    <param value="subject"/>
    <param value="performer"/>
  </resource>
  <resource>
    <code value="OperationDefinition"/>
  </resource>
  <resource>
    <code value="OperationOutcome"/>
  </resource>
  <resource>
    <code value="Organization"/>
  </resource>
  <resource>
    <code value="Patient"/>
    <param value="link"/>
  </resource>
  <resource>
    <code value="PaymentNotice"/>
  </resource>
  <resource>
    <code value="PaymentReconciliation"/>
  </resource>
  <resource>
    <code value="Person"/>
    <param value="patient"/>
  </resource>
  <resource>
    <code value="PlanDefinition"/>
  </resource>
  <resource>
    <code value="Practitioner"/>
  </resource>
  <resource>
    <code value="PractitionerRole"/>
  </resource>
  <resource>
    <code value="Procedure"/>
    <param value="patient"/>
    <param value="performer"/>
  </resource>
  <resource>
    <code value="ProcedureRequest"/>
    <param value="subject"/>
    <param value="performer"/>
  </resource>
  <resource>
    <code value="ProcessRequest"/>
  </resource>
  <resource>
    <code value="ProcessResponse"/>
  </resource>
  <resource>
    <code value="Provenance"/>
    <param value="agent"/>
    <param value="patient"/>
    <param value="target"/>
    <!--param value="target.subject"/>
    <param value="target.patient"/-->
  </resource>
  <resource>
    <code value="Questionnaire"/>
  </resource>
  <resource>
    <code value="QuestionnaireResponse"/>
    <param value="subject"/>
    <param value="author"/>
  </resource>
  <resource>
    <code value="ReferralRequest"/>
    <param value="patient"/>
    <param value="requester"/>
  </resource>
  <resource>
    <code value="RelatedPerson"/>
    <param value="patient"/>
  </resource>
  <resource>
    <code value="RequestGroup"/>
    <param value="subject"/>
    <param value="participant"/>
  </resource>
  <resource>
    <code value="ResearchStudy"/>
  </resource>
  <resource>
    <code value="ResearchSubject"/>
    <param value="individual"/>
  </resource>
  <resource>
    <code value="RiskAssessment"/>
    <param value="subject"/>
  </resource>
  <resource>
    <code value="Schedule"/>
    <param value="actor"/>
  </resource>
  <resource>
    <code value="SearchParameter"/>
  </resource>
  <resource>
    <code value="Sequence"/>
  </resource>
  <resource>
    <code value="ServiceDefinition"/>
  </resource>
  <resource>
    <code value="Slot"/>
  </resource>
  <resource>
    <code value="Specimen"/>
    <param value="subject"/>
  </resource>
  <resource>
    <code value="StructureDefinition"/>
  </resource>
  <resource>
    <code value="StructureMap"/>
  </resource>
  <resource>
    <code value="Subscription"/>
  </resource>
  <resource>
    <code value="Substance"/>
  </resource>
  <resource>
    <code value="SupplyDelivery"/>
    <param value="patient"/>
  </resource>
  <resource>
    <code value="SupplyRequest"/>
    <param value="requester"/>
  </resource>
  <resource>
    <code value="Task"/>
  </resource>
  <resource>
    <code value="TestReport"/>
  </resource>
  <resource>
    <code value="TestScript"/>
  </resource>
  <resource>
    <code value="ValueSet"/>
  </resource>
  <resource>
    <code value="VisionPrescription"/>
    <param value="patient"/>
  </resource>
</CompartmentDefinition>